Wall time,Step,Value
1648204467.038724,0,0.6037735939025879
1648206005.243683,1,0.731072723865509
1648207495.849347,2,0.8099749088287354
1648208981.957614,3,0.7991291880607605
1648210428.476068,4,0.8355720043182373
1648211873.902706,5,0.8412455320358276
1648213398.298599,6,0.8524079918861389
1648215551.277732,7,0.8466024398803711
1648217986.943996,8,0.84678715467453
1648220384.888898,9,0.8548620939254761
1648221875.213805,10,0.8677133917808533
1648223416.673545,11,0.8834938406944275
1648224970.780802,12,0.8849188685417175
1648226615.950167,13,0.8842591643333435
1648228203.230605,14,0.8825966715812683
1648229714.896341,15,0.8803008198738098
1648231209.262814,16,0.8797730803489685
1648232699.096673,17,0.8795619606971741
1648234217.410842,18,0.8786383271217346
1648235846.067127,19,0.8762105703353882
1648237272.319983,20,0.8785591721534729
1648238887.906068,21,0.876632809638977
1648240420.291949,22,0.8767119646072388
1648241903.506225,23,0.8757619857788086
1648243402.373075,24,0.8764216899871826
1648244819.746133,25,0.8754453063011169
1648246269.34563,26,0.8768966794013977
1648247771.879473,27,0.8766592144966125
1648249278.286032,28,0.8737828135490417
1648250704.916824,29,0.8760786652565002
