Wall time,Step,Value
1645693955.021779,0,0.7031700015068054
1645694501.763235,1,0.815123438835144
1645695042.952444,2,0.8661822080612183
1645695591.563985,3,0.892933189868927
1645696136.567147,4,0.896003007888794
1645696685.408268,5,0.8988221883773804
1645697230.32991,6,0.9064653515815735
1645697772.383746,7,0.8943114876747131
1645698318.053795,8,0.903708815574646
1645698858.386211,9,0.9039593935012817
1645699407.441268,10,0.9267008900642395
1645699953.474024,11,0.9258238077163696
1645700500.393764,12,0.9241322875022888
1645701048.669778,13,0.926262378692627
1645701593.843781,14,0.9237564206123352
1645702137.350746,15,0.9243829250335693
1645702681.590537,16,0.9217516779899597
1645703228.295905,17,0.9222528338432312
1645703771.903307,18,0.9178674221038818
1645704319.048857,19,0.9196842312812805
1645704866.262681,20,0.9196842312812805
1645705425.44419,21,0.9196215867996216
1645705968.424407,22,0.919934868812561
1645706511.42761,23,0.9186192154884338
1645707053.577306,24,0.9178674221038818
1645707597.854354,25,0.9168650507926941
1645708140.70062,26,0.919245719909668
1645708688.902366,27,0.9174915552139282
1645709342.699147,28,0.9190577864646912
1645710004.940641,29,0.9187445044517517
